PDF,Cluster
data/og_reports\Americas\MINUGUA_S_1997_432.pdf,2
data/og_reports\Americas\MINUJUSTH_S_2018_1059.pdf,1
data/og_reports\Americas\MINUJUSTH_S_2018_241.pdf,1
data/og_reports\Americas\MINUJUSTH_S_2018_527.pdf,1
data/og_reports\Americas\MINUJUSTH_S_2018_795.pdf,1
data/og_reports\Americas\MINUJUSTH_S_2019_198.pdf,1
data/og_reports\Americas\MINUJUSTH_S_2019_563.pdf,1
data/og_reports\Americas\MINUJUSTH_S_2019_805.pdf,1
data/og_reports\Americas\MINUNGUA_A_51_695_S_1996_998.pdf,2
data/og_reports\Americas\MINUSTAH_S_2004_698.pdf,1
data/og_reports\Americas\MINUSTAH_S_2004_908.pdf,1
data/og_reports\Americas\MINUSTAH_S_2005_124.pdf,1
data/og_reports\Americas\MINUSTAH_S_2005_302.pdf,1
data/og_reports\Americas\MINUSTAH_S_2005_313.pdf,1
data/og_reports\Americas\MINUSTAH_S_2005_631.pdf,1
data/og_reports\Americas\MINUSTAH_S_2006_1003.pdf,1
data/og_reports\Americas\MINUSTAH_S_2006_592.pdf,1
data/og_reports\Americas\MINUSTAH_S_2006_60.pdf,1
data/og_reports\Americas\MINUSTAH_S_2007_503.pdf,1
data/og_reports\Americas\MINUSTAH_S_2008_202.pdf,1
data/og_reports\Americas\MINUSTAH_S_2008_586.pdf,1
data/og_reports\Americas\MINUSTAH_S_2009_129.pdf,1
data/og_reports\Americas\MINUSTAH_S_2009_175.pdf,1
data/og_reports\Americas\MINUSTAH_S_2009_439.pdf,1
data/og_reports\Americas\MINUSTAH_S_2010_200.pdf,1
data/og_reports\Americas\MINUSTAH_S_2010_446.pdf,1
data/og_reports\Americas\MINUSTAH_S_2011_183.pdf,1
data/og_reports\Americas\MINUSTAH_S_2011_540.pdf,1
data/og_reports\Americas\MINUSTAH_S_2012_128.pdf,1
data/og_reports\Americas\MINUSTAH_S_2012_534.pdf,1
data/og_reports\Americas\MINUSTAH_S_2012_678.pdf,1
data/og_reports\Americas\MINUSTAH_S_2013_139.pdf,1
data/og_reports\Americas\MINUSTAH_S_2013_493.pdf,1
data/og_reports\Americas\MINUSTAH_S_2014_162.pdf,1
data/og_reports\Americas\MINUSTAH_S_2014_617.pdf,1
data/og_reports\Americas\MINUSTAH_S_2015_157.pdf,1
data/og_reports\Americas\MINUSTAH_S_2015_667.pdf,1
data/og_reports\Americas\MINUSTAH_S_2016_225.pdf,1
data/og_reports\Americas\MINUSTAH_S_2016_753.pdf,1
data/og_reports\Americas\MINUSTAH_S_2017_223.pdf,1
data/og_reports\Americas\MINUSTAH_S_2017_604.pdf,1
data/og_reports\Americas\MINUSTAH_S_2017_840.pdf,1
data/og_reports\Americas\MIPONUH_S_1999_1184.pdf,2
data/og_reports\Americas\MIPONUH_S_1999_908.pdf,2
data/og_reports\Americas\ONUCA_A_44_886_S_21029.pdf,0
data/og_reports\Americas\ONUCA_A_45_706_S_21931.pdf,2
data/og_reports\Americas\ONUCA_S_21194.pdf,0
data/og_reports\Americas\ONUCA_S_21274.pdf,0
data/og_reports\Americas\ONUCA_S_21274_Add.1.pdf,0
data/og_reports\Americas\ONUCA_S_21274_c.pdf,0
data/og_reports\Americas\ONUCA_S_21341.pdf,0
data/og_reports\Americas\ONUCA_S_21349.pdf,0
data/og_reports\Americas\ONUCA_S_21379.pdf,2
data/og_reports\Americas\ONUCA_S_21909.pdf,0
data/og_reports\Americas\ONUCA_S_21931.pdf,2
data/og_reports\Americas\ONUCA_S_22543.pdf,2
data/og_reports\Americas\ONUCA_S_23171.pdf,2
data/og_reports\Americas\ONUCA_S_23256.pdf,2
data/og_reports\Americas\ONUCA_S_23421.pdf,2
data/og_reports\Americas\ONUSAL_A_47_1012_Add.1_S_26416_Add.1.pdf,2
data/og_reports\Americas\ONUSAL_S_1994_1000.pdf,0
data/og_reports\Americas\ONUSAL_S_1994_1212.pdf,0
data/og_reports\Americas\ONUSAL_S_1994_1212_Add.1.pdf,2
data/og_reports\Americas\ONUSAL_S_1994_179.pdf,0
data/og_reports\Americas\ONUSAL_S_1994_304.pdf,2
data/og_reports\Americas\ONUSAL_S_1994_375.pdf,2
data/og_reports\Americas\ONUSAL_S_1994_536.pdf,2
data/og_reports\Americas\ONUSAL_S_1994_561.pdf,2
data/og_reports\Americas\ONUSAL_S_1994_561_Add.1.pdf,0
data/og_reports\Americas\ONUSAL_S_1995_220.pdf,0
data/og_reports\Americas\ONUSAL_S_23402.pdf,2
data/og_reports\Americas\ONUSAL_S_23402_Add.1.pdf,0
data/og_reports\Americas\ONUSAL_S_23421.pdf,2
data/og_reports\Americas\ONUSAL_S_23642.pdf,2
data/og_reports\Americas\ONUSAL_S_23999.pdf,2
data/og_reports\Americas\ONUSAL_S_23999_Add.1.pdf,0
data/og_reports\Americas\ONUSAL_S_25006.pdf,0
data/og_reports\Americas\ONUSAL_S_25812.pdf,2
data/og_reports\Americas\ONUSAL_S_26005.pdf,0
data/og_reports\Americas\ONUSAL_S_26371.pdf,0
data/og_reports\Americas\ONUSAL_S_26581.pdf,2
data/og_reports\Americas\ONUSAL_S_26606.pdf,2
data/og_reports\Americas\ONUSAL_S_26790.pdf,0
data/og_reports\Americas\UNMIH_S_1994_1143.pdf,2
data/og_reports\Americas\UNMIH_S_1994_1180.pdf,0
data/og_reports\Americas\UNMIH_S_1994_1322.pdf,2
data/og_reports\Americas\UNMIH_S_1995_46.pdf,2
data/og_reports\Americas\UNMIH_S_1995_46_Add.1.pdf,2
data/og_reports\Americas\UNMIH_S_1996_416.pdf,0
data/og_reports\Americas\UNMIT_S_2012_889.pdf,1
data/og_reports\Americas\UNTAE_S_2000_1105.pdf,0
data/og_reports\Americas\UNTMIH_S_1997_832_Add.1.pdf,2
data/og_reports\Asia Pacific\UNAMIC_S_23613.pdf,0
data/og_reports\Asia Pacific\UNGOMAP_A_44_661&S_20911.pdf,2
data/og_reports\Asia Pacific\UNMISET_S_2004_333.pdf,1
data/og_reports\Asia Pacific\UNMISET_S_2004_669.pdf,1
data/og_reports\Asia Pacific\UNMISET_S_2004_888.pdf,1
data/og_reports\Asia Pacific\UNMISET_S_2005_99.pdf,1
data/og_reports\Asia Pacific\UNMIT_S_2007_50.pdf,1
data/og_reports\Asia Pacific\UNMIT_S_2007_513.pdf,1
data/og_reports\Asia Pacific\UNMIT_S_2008_26.pdf,1
data/og_reports\Asia Pacific\UNMIT_S_2008_501.pdf,1
data/og_reports\Asia Pacific\UNMIT_S_2009_504.pdf,1
data/og_reports\Asia Pacific\UNMIT_S_2009_72.pdf,1
data/og_reports\Asia Pacific\UNMIT_S_2010_522.pdf,1
data/og_reports\Asia Pacific\UNMIT_S_2010_85.pdf,1
data/og_reports\Asia Pacific\UNMIT_S_2011_32.pdf,1
data/og_reports\Asia Pacific\UNMIT_S_2011_641.pdf,1
data/og_reports\Asia Pacific\UNMIT_S_2012_43.pdf,1
data/og_reports\Asia Pacific\UNMIT_S_2012_765.pdf,1
data/og_reports\Asia Pacific\UNMOT_S_1995_1024.pdf,0
data/og_reports\Asia Pacific\UNMOT_S_1995_105.pdf,2
data/og_reports\Asia Pacific\UNMOT_S_1995_472.pdf,2
data/og_reports\Asia Pacific\UNMOT_S_1997_198.pdf,2
data/og_reports\Asia Pacific\UNMOT_S_1997_56.pdf,2
data/og_reports\Asia Pacific\UNMOT_S_1999_124.pdf,2
data/og_reports\Asia Pacific\UNMOT_S_1999_514.pdf,2
data/og_reports\Asia Pacific\UNMOT_S_1999_872.pdf,2
data/og_reports\Asia Pacific\UNMOT_S_2000_214.pdf,2
data/og_reports\Asia Pacific\UNMOT_S_2000_387.pdf,2
data/og_reports\Asia Pacific\UNTAC_S_23870.pdf,2
data/og_reports\Asia Pacific\UNTAC_S_24090.pdf,2
data/og_reports\Asia Pacific\UNTAC_S_24286.pdf,2
data/og_reports\Asia Pacific\UNTAC_S_24578.pdf,0
data/og_reports\Asia Pacific\UNTAC_S_24800.pdf,0
data/og_reports\Asia Pacific\UNTAC_S_25124.pdf,0
data/og_reports\Asia Pacific\UNTAC_S_25289.pdf,0
data/og_reports\Asia Pacific\UNTAC_S_25719.pdf,0
data/og_reports\Asia Pacific\UNTAC_S_25784.pdf,0
data/og_reports\Asia Pacific\UNTAC_S_25913.pdf,0
data/og_reports\Asia Pacific\UNTAC_S_26090.pdf,2
data/og_reports\Asia Pacific\UNTAC_S_26360.pdf,0
data/og_reports\Asia Pacific\UNTAET_S_2000_53.pdf,2
data/og_reports\Asia Pacific\UNTAET_S_2000_738.pdf,0
data/og_reports\Asia Pacific\UNTAET_S_2001_436.pdf,0
data/og_reports\Asia Pacific\UNTAET_S_2001_719.pdf,0
data/og_reports\Asia Pacific\UNTAET_S_2001_983_Corr.1.pdf,3
data/og_reports\Asia Pacific\UNTAET_S_2002_432_Add.1.pdf,0
data/og_reports\Asia Pacific\UNTAET_S_2002_80.pdf,0
data/og_reports\Asia Pacific\UNTAET_S_2002_80_Corr.1.pdf,3
data/og_reports\Europe\UNCPSG_S_1998_1004.pdf,2
data/og_reports\Europe\UNCPSG_S_1998_500.pdf,2
data/og_reports\Europe\UNCPSG_S_1998_887.pdf,2
data/og_reports\Europe\UNCRO_S_1995_1028.pdf,2
data/og_reports\Europe\UNCRO_S_1995_320.pdf,2
data/og_reports\Europe\UNCRO_S_1995_467.pdf,2
data/og_reports\Europe\UNCRO_S_1995_650.pdf,2
data/og_reports\Europe\UNCRO_S_1995_730.pdf,2
data/og_reports\Europe\UNCRO_S_1995_835.pdf,2
data/og_reports\Europe\UNCRO_S_1995_987.pdf,0
data/og_reports\Europe\UNCRO_S_1996_83.pdf,2
data/og_reports\Europe\UNMIBH_S_1996_1017.pdf,2
data/og_reports\Europe\UNMIBH_S_1996_210.pdf,2
data/og_reports\Europe\UNMIBH_S_1996_820.pdf,2
data/og_reports\Europe\UNMIBH_S_1996_83.pdf,2
data/og_reports\Europe\UNMIBH_S_1997_224.pdf,2
data/og_reports\Europe\UNMIBH_S_1997_468.pdf,2
data/og_reports\Europe\UNMIBH_S_1997_694.pdf,2
data/og_reports\Europe\UNMIBH_S_1998_227.pdf,2
data/og_reports\Europe\UNMIBH_S_1998_862.pdf,2
data/og_reports\Europe\UNMIBH_S_1999_1260.pdf,2
data/og_reports\Europe\UNMIBH_S_1999_284.pdf,2
data/og_reports\Europe\UNMIBH_S_1999_989.pdf,2
data/og_reports\Europe\UNMIBH_S_2000_1137.pdf,0
data/og_reports\Europe\UNMIBH_S_2000_215.pdf,2
data/og_reports\Europe\UNMIBH_S_2000_529.pdf,0
data/og_reports\Europe\UNMIBH_S_2001_1132.pdf,0
data/og_reports\Europe\UNMIBH_S_2002_618.pdf,0
data/og_reports\Europe\UNMIK_2011_514.pdf,1
data/og_reports\Europe\UNMIK_S_1999_779.pdf,2
data/og_reports\Europe\UNMIK_S_2000_538.pdf,0
data/og_reports\Europe\UNMIK_S_2003_421.pdf,1
data/og_reports\Europe\UNMIK_S_2003_675.pdf,1
data/og_reports\Europe\UNMIK_S_2004_348.pdf,1
data/og_reports\Europe\UNMIK_S_2004_613.pdf,1
data/og_reports\Europe\UNMIK_S_2004_907.pdf,1
data/og_reports\Europe\UNMIK_S_2005_335.pdf,1
data/og_reports\Europe\UNMIK_S_2005_88.pdf,1
data/og_reports\Europe\UNMIK_S_2006_361.pdf,1
data/og_reports\Europe\UNMIK_S_2006_45.pdf,1
data/og_reports\Europe\UNMIK_S_2006_906.pdf,1
data/og_reports\Europe\UNMIK_S_2007_134.pdf,1
data/og_reports\Europe\UNMIK_S_2007_395.pdf,1
data/og_reports\Europe\UNMIK_S_2007_582.pdf,1
data/og_reports\Europe\UNMIK_S_2007_707.pdf,1
data/og_reports\Europe\UNMIK_S_2007_768.pdf,1
data/og_reports\Europe\UNMIK_S_2008_354.pdf,1
data/og_reports\Europe\UNMIK_S_2008_458.pdf,1
data/og_reports\Europe\UNMIK_S_2008_692.pdf,1
data/og_reports\Europe\UNMIK_S_2009_149.pdf,1
data/og_reports\Europe\UNMIK_S_2009_300.pdf,1
data/og_reports\Europe\UNMIK_S_2009_497.pdf,1
data/og_reports\Europe\UNMIK_S_2010_169.pdf,1
data/og_reports\Europe\UNMIK_S_2010_401.pdf,1
data/og_reports\Europe\UNMIK_S_2010_5.pdf,1
data/og_reports\Europe\UNMIK_S_2010_562.pdf,1
data/og_reports\Europe\UNMIK_S_2011_281.pdf,1
data/og_reports\Europe\UNMIK_S_2011_43.pdf,1
data/og_reports\Europe\UNMIK_S_2011_675.pdf,1
data/og_reports\Europe\UNMIK_S_2012_275.pdf,1
data/og_reports\Europe\UNMIK_S_2012_603.pdf,1
data/og_reports\Europe\UNMIK_S_2012_72.pdf,1
data/og_reports\Europe\UNMIK_S_2012_818.pdf,1
data/og_reports\Europe\UNMIK_S_2013_444.pdf,1
data/og_reports\Europe\UNMIK_S_2013_631.pdf,1
data/og_reports\Europe\UNMIK_S_2013_72.pdf,1
data/og_reports\Europe\UNMIK_S_2014_305.pdf,1
data/og_reports\Europe\UNMIK_S_2014_558.pdf,1
data/og_reports\Europe\UNMIK_S_2014_68.pdf,1
data/og_reports\Europe\UNMIK_S_2014_773.pdf,1
data/og_reports\Europe\UNMIK_S_2015_303.pdf,1
data/og_reports\Europe\UNMIK_S_2015_579.pdf,1
data/og_reports\Europe\UNMIK_S_2015_74.pdf,1
data/og_reports\Europe\UNMIK_S_2015_833.pdf,1
data/og_reports\Europe\UNMIK_S_2016_407_4.pdf,1
data/og_reports\Europe\UNMIK_S_2016_666.pdf,1
data/og_reports\Europe\UNMIK_S_2016_901.pdf,1
data/og_reports\Europe\UNMIK_S_2016_99_1.pdf,1
data/og_reports\Europe\UNMIK_S_2017_640.pdf,1
data/og_reports\Europe\UNMIK_S_2017_911.pdf,1
data/og_reports\Europe\UNMIK_S_2017_95_rev.1.pdf,1
data/og_reports\Europe\UNMIK_S_2018_407.pdf,1
data/og_reports\Europe\UNMIK_S_2018_747.pdf,1
data/og_reports\Europe\UNMIK_S_2018_981.pdf,3
data/og_reports\Europe\UNMOP_S_1996_1075.pdf,2
data/og_reports\Europe\UNMOP_S_1996_180.pdf,2
data/og_reports\Europe\UNMOP_S_1996_502.pdf,2
data/og_reports\Europe\UNMOP_S_1996_502_Add.1.pdf,2
data/og_reports\Europe\UNMOP_S_1997_1019.pdf,2
data/og_reports\Europe\UNMOP_S_1997_311.pdf,2
data/og_reports\Europe\UNMOP_S_1997_506.pdf,2
data/og_reports\Europe\UNMOP_S_1998_578.pdf,2
data/og_reports\Europe\UNMOP_S_1998_939.pdf,2
data/og_reports\Europe\UNMOP_S_1999_16.pdf,2
data/og_reports\Europe\UNMOP_S_1999_404.pdf,2
data/og_reports\Europe\UNMOP_S_1999_764.pdf,2
data/og_reports\Europe\UNMOP_S_2000_305.pdf,0
data/og_reports\Europe\UNMOP_S_2000_976.pdf,0
data/og_reports\Europe\UNOMIG_S_1994_253.pdf,0
data/og_reports\Europe\UNOMIG_S_1994_312.pdf,0
data/og_reports\Europe\UNOMIG_S_1994_312_Add.1.pdf,3
data/og_reports\Europe\UNOMIG_S_1994_529.Add1.pdf,2
data/og_reports\Europe\UNOMIG_S_1994_725.pdf,0
data/og_reports\Europe\UNOMIG_S_1994_818_Add.1.pdf,3
data/og_reports\Europe\UNOMIG_S_1996_507_Add.1.pdf,2
data/og_reports\Europe\UNOMIG_S_1997_558_Add.1.pdf,2
data/og_reports\Europe\UNOMIG_S_1997_827Add.1-EN.pdf,2
data/og_reports\Europe\UNOMIG_S_1998_375_Add.1.pdf,2
data/og_reports\Europe\UNOMIG_S_1998_497.pdf,2
data/og_reports\Europe\UNOMIG_S_1998_647_Add.1.pdf,2
data/og_reports\Europe\UNOMIG_S_2000_697.pdf,0
data/og_reports\Europe\UNOMIG_S_2001_1008.pdf,0
data/og_reports\Europe\UNOMIG_S_2004_570.pdf,1
data/og_reports\Europe\UNOMIG_S_2004_822.pdf,1
data/og_reports\Europe\UNOMIG_S_2005_269.pdf,1
data/og_reports\Europe\UNOMIG_S_2005_32.pdf,1
data/og_reports\Europe\UNOMIG_S_2005_453.pdf,1
data/og_reports\Europe\UNOMIG_S_2005_657.pdf,1
data/og_reports\Europe\UNOMIG_S_2006_173.pdf,1
data/og_reports\Europe\UNOMIG_S_2006_19.pdf,1
data/og_reports\Europe\UNOMIG_S_2006_435.pdf,1
data/og_reports\Europe\UNOMIG_S_2006_771.pdf,1
data/og_reports\Europe\UNOMIG_S_2007_15.pdf,1
data/og_reports\Europe\UNOMIG_S_2007_182.pdf,1
data/og_reports\Europe\UNOMIG_S_2007_439.pdf,1
data/og_reports\Europe\UNOMIG_S_2007_588.pdf,1
data/og_reports\Europe\UNOMIG_S_2008_219.pdf,1
data/og_reports\Europe\UNOMIG_S_2008_38.pdf,1
data/og_reports\Europe\UNOMIG_S_2008_480.pdf,1
data/og_reports\Europe\UNOMIG_S_2008_631.pdf,1
data/og_reports\Europe\UNOMIG_S_2009_254.pdf,1
data/og_reports\Europe\UNOMIG_S_2009_69.pdf,1
data/og_reports\Europe\UNOMIG_S_26551.pdf,2
data/og_reports\Europe\UNPREDEP_S_1995_987.pdf,0
data/og_reports\Europe\UNPREDEP_S_1996_373.pdf,2
data/og_reports\Europe\UNPREDEP_S_1996_65.pdf,2
data/og_reports\Europe\UNPREDEP_S_1996_819.pdf,2
data/og_reports\Europe\UNPREDEP_S_1996_961.pdf,2
data/og_reports\Europe\UNPREDEP_S_1997_365.pdf,2
data/og_reports\Europe\UNPREDEP_S_1997_631.pdf,0
data/og_reports\Europe\UNPREDEP_S_1998_644.pdf,2
data/og_reports\Europe\UNPROFOR_S_1994_1067.pdf,2
data/og_reports\Europe\UNPROFOR_S_1994_1389.pdf,2
data/og_reports\Europe\UNPROFOR_S_1994_154.pdf,0
data/og_reports\Europe\UNPROFOR_S_1994_291.pdf,2
data/og_reports\Europe\UNPROFOR_S_1994_300.pdf,0
data/og_reports\Europe\UNPROFOR_S_1994_555.pdf,0
data/og_reports\Europe\UNPROFOR_S_1994_600.pdf,0
data/og_reports\Europe\UNPROFOR_S_1995_1031.pdf,2
data/og_reports\Europe\UNPROFOR_S_1995_222.pdf,2
data/og_reports\Europe\UNPROFOR_S_1995_38.pdf,2
data/og_reports\Europe\UNPROFOR_S_1995_444.pdf,2
data/og_reports\Europe\UNPROFOR_S_1995_755.pdf,2
data/og_reports\Europe\UNPROFOR_S_1995_987.pdf,0
data/og_reports\Europe\UNPROFOR_S_23777.pdf,0
data/og_reports\Europe\UNPROFOR_S_23836.pdf,2
data/og_reports\Europe\UNPROFOR_S_23844.pdf,0
data/og_reports\Europe\UNPROFOR_S_23900.pdf,2
data/og_reports\Europe\UNPROFOR_S_24000.pdf,0
data/og_reports\Europe\UNPROFOR_S_24075.pdf,0
data/og_reports\Europe\UNPROFOR_S_24100.pdf,2
data/og_reports\Europe\UNPROFOR_S_24188.pdf,0
data/og_reports\Europe\UNPROFOR_S_24263.pdf,2
data/og_reports\Europe\UNPROFOR_S_24333.pdf,2
data/og_reports\Europe\UNPROFOR_S_24353.pdf,2
data/og_reports\Europe\UNPROFOR_S_24900_Add.90.pdf,3
data/og_reports\Europe\UNPROFOR_S_25777.pdf,0
data/og_reports\Europe\UNPROFOR_S_25939.pdf,2
data/og_reports\Europe\UNPROFOR_S_25993.pdf,2
data/og_reports\Europe\UNPROFOR_S_26099.pdf,2
data/og_reports\Europe\UNPROFOR_S_26310.pdf,2
data/og_reports\Europe\UNPROFOR_S_26470.pdf,2
data/og_reports\Europe\UNPROFOR_S_26828.pdf,0
data/og_reports\Europe\UNTAES_S_1996_472.pdf,2
data/og_reports\Europe\UNTAES_S_1996_622.pdf,2
data/og_reports\Europe\UNTAES_S_1996_705.pdf,2
data/og_reports\Europe\UNTAES_S_1996_821.pdf,2
data/og_reports\Europe\UNTAES_S_1996_883.pdf,2
data/og_reports\Europe\UNTAES_S_1997_487.pdf,2
data/og_reports\Europe\UNTAES_S_1997_953.pdf,2
data/og_reports\Europe\UNTAES_S_1998_59.pdf,2
data/og_reports\Middle East\UNIKOM_S_2000_269.pdf,0
data/og_reports\Middle East\UNIKOM_S_2003_393.pdf,1
data/og_reports\Middle East\UNIKOM_S_2003_656pdf.pdf,1
data/og_reports\Middle East\UNIKOM_S_2003_933.pdf,1
data/og_reports\Middle East\UNIKOM_S_22580.pdf,0
data/og_reports\Middle East\UNIKOM_S_22692.pdf,0
data/og_reports\Middle East\UNIKOM_S_23000.pdf,2
data/og_reports\Middle East\UNIKOM_S_23106.pdf,2
data/og_reports\Middle East\UNIKOM_S_23106_Add.1.pdf,0
data/og_reports\Middle East\UNIKOM_S_23106_Add.2.pdf,2
data/og_reports\Middle East\UNIKOM_S_23514.pdf,0
data/og_reports\Middle East\UNIKOM_S_23766.pdf,2
data/og_reports\Middle East\UNIKOM_S_26520.pdf,3
